{"cameraMode":{"drawMode":0,"name":"Shaded","section":"Shading Mode"},"sceneLighting":false,"audioPlay":false,"sceneViewState":{"m_AlwaysRefresh":false,"showFog":true,"showSkybox":false,"showFlares":true,"showImageEffects":true,"showParticleSystems":true,"showVisualEffectGraphs":true,"m_FxEnabled":true},"in2DMode":false,"pivot":{"x":-8.795868873596192,"y":2.3499999046325685,"z":1.4999415874481202},"rotation":{"x":-0.5474526286125183,"y":0.0035388038959354164,"z":-0.0023127738386392595,"w":-0.8368521928787231},"size":0.8746427297592163,"orthographic":false}