{"cameraMode":{"drawMode":0,"name":"Shaded","section":"Shading Mode"},"sceneLighting":true,"audioPlay":false,"sceneViewState":{"m_AlwaysRefresh":false,"showFog":true,"showSkybox":true,"showFlares":true,"showImageEffects":true,"showParticleSystems":true,"showVisualEffectGraphs":true,"m_FxEnabled":true},"in2DMode":false,"pivot":{"x":14.651130676269532,"y":-4.375028610229492,"z":10.295821189880371},"rotation":{"x":0.2996998131275177,"y":-0.05006083473563194,"z":0.01575312204658985,"w":0.9525983929634094},"size":25.203763961791993,"orthographic":false}